"","baseMean","log2FoldChange","lfcSE","stat","pvalue","padj"
"hsa-let-7b-5p",5405.38773726333,0.825326439306158,0.104438011432159,7.90254839199307,2.7325819233001e-15,4.6850557814e-14
"hsa-let-7e-5p",12777.0006642661,-0.418888084776939,0.0811429980184313,-5.1623441948964,2.43876338158992e-07,2.37835364644962e-06
"hsa-let-7g-3p",12.4629089238506,-1.64963746002775,0.538331519667219,-3.06435235493457,0.00218141819109208,0.00942620950053206
"hsa-miR-1-3p",181439.299068119,3.80120497539616,0.238996474031002,15.90485797252,5.86361315356401e-57,3.66648281308149e-55
"hsa-miR-100-5p",418957.111914999,0.438528347575091,0.072990991609149,6.00797903833552,1.87850120821762e-09,2.10194398351087e-08
"hsa-miR-101-3p",219759.525440671,-0.800662508228746,0.13084895868963,-6.11898265180615,9.41746552798381e-10,1.10008416002712e-08
"hsa-miR-101-5p",8.79764130889293,-1.85695552054833,0.5718419060914,-3.24732325624894,0.00116495994108888,0.00540765247763094
"hsa-miR-10395-3p",139.264558394262,-1.8042427930986,0.263455126300502,-6.84838749746189,7.4687035082971e-12,1.01785023452818e-10
"hsa-miR-103a-2-5p",17.4194676524108,-1.60400752786901,0.440456450034147,-3.64169381046561,0.000270850102888986,0.00146894724168873
"hsa-miR-105-3p",88.1063029045025,-0.859897134210583,0.212225110848656,-4.05181616243237,5.0821591487879e-05,0.000329813558943443
"hsa-miR-105-5p",575.681240450893,-0.697594886781128,0.102115000798638,-6.83146336312255,8.40527591313615e-12,1.13098839185617e-10
"hsa-miR-107",5456.44498534417,-0.571747924359345,0.208550799696786,-2.74152832398924,0.00611540880038955,0.0224937008817097
"hsa-miR-10a-5p",270.994725994579,6.39464263930558,1.19552920844346,5.34879666188265,8.85409499169199e-08,9.13776987977532e-07
"hsa-miR-10b-3p",28.2373522534387,3.43093211924767,0.483467793286669,7.09650604836324,1.27950349885516e-12,1.83798948551762e-11
"hsa-miR-10b-5p",33632.2012860933,4.58205938739462,0.179732033070737,25.493838294208,2.30714754572147e-143,3.50356834443132e-141
"hsa-miR-1180-3p",1381.5563875199,-0.255240904749001,0.0697937373314261,-3.65707461024692,0.000255110142164828,0.00140508850321871
"hsa-miR-12136",137.919074304359,-1.16289020826496,0.339730299657637,-3.42298055085713,0.000619385088749758,0.00310569032708015
"hsa-miR-1224-5p",71.7457446401223,-1.06986334472625,0.235747219860518,-4.538180112407,5.67417878013892e-06,4.53507672427645e-05
"hsa-miR-124-3p",18061.591810042,-1.26686799168972,0.291392730104728,-4.34763074299899,1.37616037878706e-05,0.000102297795989556
"hsa-miR-124-5p",1803.78476454912,-1.06695287092835,0.247757043494923,-4.30644818761819,1.65896764361995e-05,0.000121619490011587
"hsa-miR-1245a",2.26730259978212,5.00939144538316,1.92905091669782,2.59681660137739,0.00940921479146117,0.0333399844110774
"hsa-miR-1245b-3p",4.31974414698793,5.51350913536743,1.41587820106068,3.89405609270423,9.85818382030945e-05,0.000605736959594737
"hsa-miR-1246",13230.2246574409,-3.61366986267554,0.315919229787594,-11.4385878476127,2.68215583160759e-30,8.14609042571106e-29
"hsa-miR-1247-5p",24.3687614301826,0.9808418828473,0.380167436605858,2.58002603169875,0.00987928676797501,0.0348893084197921
"hsa-miR-1251-3p",11.4829609747158,-1.37375569875374,0.494296576674928,-2.77921345924511,0.00544907045229196,0.0203956404605153
"hsa-miR-1251-5p",422.049767880216,-1.18715442677395,0.265547873431225,-4.47058532773908,7.80058138878818e-06,6.09707207079547e-05
"hsa-miR-125a-3p",182.976389908318,-0.467490378352719,0.175662505418077,-2.66129859209334,0.00778398944516594,0.0279539891223358
"hsa-miR-125a-5p",13227.4983526422,0.974170805843731,0.25049974452902,3.88890937863162,0.000100695705395128,0.000611654484771547
"hsa-miR-125b-1-3p",1866.5934418669,-0.486981115820443,0.165252646730221,-2.94688844902709,0.00320988975170168,0.0128274917521011
"hsa-miR-126-3p",1950.51616780032,-1.12213500727007,0.0790577582524563,-14.193863221959,9.99948061950202e-46,4.83156722660484e-44
"hsa-miR-126-5p",54.017279471059,-1.29279851101776,0.374289118605781,-3.45401040733806,0.000552316060838071,0.0028226537147638
"hsa-miR-127-3p",4273.57045761627,1.43240707384075,0.162795151506296,8.79883129557055,1.38248333371795e-18,2.72144404396699e-17
"hsa-miR-127-5p",161.827272467738,0.699920555997136,0.189632344834651,3.69093445850405,0.000223431709096972,0.00126333992962809
"hsa-miR-128-1-5p",351.342179535991,-0.974311187358342,0.120576569742417,-8.08043543981825,6.45359163792866e-16,1.12461769034724e-14
"hsa-miR-1287-5p",217.733966486052,0.535600091565358,0.131770247448155,4.0646511783784,4.81043508333559e-05,0.000317608229415263
"hsa-miR-129-1-3p",413.323150667899,-1.32247766599896,0.253202792505688,-5.22299794923967,1.76049340662811e-07,1.78228999166255e-06
"hsa-miR-129-2-3p",4003.16857785542,-0.976034502048488,0.341408405800884,-2.85884730857427,0.00425183388564435,0.0163757225378259
"hsa-miR-129-5p",126949.096070257,-1.56013682065732,0.146225803526102,-10.6693673964242,1.41587031503145e-26,4.06775714832008e-25
"hsa-miR-1298-3p",240.996900470153,-0.73982642104297,0.153035258197393,-4.83435274823205,1.33579538650787e-06,1.17351280649411e-05
"hsa-miR-1298-5p",7377.47364802658,-1.91193469005925,0.132336520658033,-14.4475212175165,2.59871139773828e-47,1.3812151078979e-45
"hsa-miR-1299",214.256653014561,-2.56153552817795,0.297961401811385,-8.59687030805235,8.1919475703418e-18,1.52772636267953e-16
"hsa-miR-1302",26.4301207132123,-0.982454563513214,0.386403769927286,-2.54255946751786,0.0110043873676574,0.0386061510621116
"hsa-miR-1306-5p",85.6244241198078,1.01539050244162,0.306458351112309,3.31330668182544,0.000921998205358933,0.00445492769225702
"hsa-miR-1307-3p",1320.14425323916,-0.319735894056093,0.104962359334636,-3.04619576087012,0.00231756890001664,0.00983292726712204
"hsa-miR-130a-3p",2794.99437978645,-1.19045202716618,0.168509905922478,-7.06458187516784,1.61100334882118e-12,2.2532849471012e-11
"hsa-miR-130b-3p",1264.42910346176,-0.998074540845251,0.157638916440559,-6.33139686177425,2.42951548286823e-10,3.00299413754527e-09
"hsa-miR-130b-5p",2700.77389106491,0.668903071256722,0.183461875766889,3.646005844324,0.00026634792010792,0.00145193763628061
"hsa-miR-132-3p",6116.0730148769,-1.13274819132367,0.0544674274096908,-20.796799944367,4.62666172529251e-96,6.14767676748243e-94
"hsa-miR-132-5p",1417.51668937357,-1.50313637582562,0.223078955430624,-6.73813615867087,1.60431198986972e-11,2.10541190769323e-10
"hsa-miR-133a-3p",1695.06679140979,3.16181857972265,0.314376088995805,10.0574397684706,8.51848055691067e-24,2.15598686476096e-22
"hsa-miR-133a-5p",83.8058349458135,4.07518276805953,0.519788311874451,7.84008157737076,4.50253822903222e-15,7.4784345897832e-14
"hsa-miR-133b",813.093127816639,5.08289858133764,0.376241896081109,13.5096559800504,1.37160885066225e-41,5.40007484538509e-40
"hsa-miR-135a-3p",3672.6722484786,-0.633309014125182,0.184088665655092,-3.44023903846285,0.000581200621239146,0.00294198219227244
"hsa-miR-135a-5p",14879.6918935588,-1.07306668644981,0.249149852683085,-4.30691278720014,1.65548842928885e-05,0.000121619490011587
"hsa-miR-135b-3p",543.438846808308,-0.359981435636497,0.132276425217401,-2.72143305237388,0.00649995494837003,0.023743821684252
"hsa-miR-135b-5p",7522.40736318952,-0.782670231415008,0.219019869007818,-3.57351246241076,0.000352224471369725,0.00185101380157162
"hsa-miR-136-3p",358.291276466778,0.714132315416421,0.257321603865786,2.77525207634295,0.00551589366891852,0.0205013810141972
"hsa-miR-138-2-3p",130.137985717178,-2.84576842646297,0.175418225928479,-16.2227636917457,3.48169254708118e-59,2.46735945169819e-57
"hsa-miR-138-5p",326.974114157076,-0.922341808263408,0.272284321575685,-3.38742165882303,0.000705528632091652,0.00350456512109077
"hsa-miR-139-5p",3014.17636480889,-0.726643559178773,0.200153353017918,-3.63043410576151,0.000282944935763063,0.00151904276119261
"hsa-miR-140-3p",85572.6804918051,3.75110590529005,0.26760270944215,14.0174436690483,1.21928001783615e-44,5.40039441233262e-43
"hsa-miR-140-5p",1752.3729039934,2.52142647795472,0.163014384421921,15.4675091213341,5.74888422710767e-54,3.39503551856414e-52
"hsa-miR-143-3p",8405.16682790439,6.42016507470451,0.447866720711997,14.3349902499968,1.32265123198568e-46,6.69513456952752e-45
"hsa-miR-143-5p",22.4080728976242,7.8006037028123,1.22254657921409,6.38061881276283,1.7637382607201e-10,2.20571031899466e-09
"hsa-miR-145-3p",15.0210502629577,5.41813815736655,1.07605608047357,5.03518195351125,4.77395149789225e-07,4.49089419668979e-06
"hsa-miR-145-5p",81.5497535704363,7.40274299145796,1.0782153276258,6.86573711371606,6.61487913468027e-12,9.13196950670796e-11
"hsa-miR-146b-5p",3484.52248636218,0.711855442094798,0.142807696835839,4.98471341438337,6.20537195542069e-07,5.7794872382339e-06
"hsa-miR-148a-3p",613533.265771649,2.25582074504283,0.458656525623796,4.91832257695408,8.72889834810689e-07,7.86340588477765e-06
"hsa-miR-148a-5p",794.309263213305,1.50552551251124,0.126696714396872,11.8829088795093,1.45224117658639e-32,4.97978184100429e-31
"hsa-miR-149-5p",5018.42412244487,-1.11497935754209,0.11370245851375,-9.80611476758227,1.05970357258551e-22,2.61968580850789e-21
"hsa-miR-152-3p",31207.2924797497,0.838513723880964,0.114415322134805,7.32868385313834,2.32423948072868e-13,3.52952366859227e-12
"hsa-miR-153-3p",1343.01775382059,-0.401564876520252,0.116314946324585,-3.45239274237084,0.000555638330858615,0.0028260456732187
"hsa-miR-155-5p",53.5002411198198,4.16226279993406,0.544610336755665,7.64264377486729,2.12806160325273e-14,3.4274689155419e-13
"hsa-miR-16-2-3p",174.153179418862,0.965109183211132,0.258206070004678,3.7377478507521,0.000185676018951981,0.00106688436835652
"hsa-miR-181a-5p",29208.2481706965,-0.453546603089172,0.179571460567618,-2.52571651227611,0.0115462609974702,0.0402415588206912
"hsa-miR-181c-5p",208.429561311841,-1.06341533393107,0.311665357313674,-3.41204214384598,0.000644781438076441,0.00321785290457867
"hsa-miR-181d-5p",2996.67749280163,-0.480270005021488,0.0952809325549889,-5.04056784650289,4.64152534707663e-07,4.43085432674785e-06
"hsa-miR-182-5p",40406.0070340637,3.05984029297102,0.244870798099296,12.4957337368184,7.87662071767411e-36,2.88718890444399e-34
"hsa-miR-183-5p",23838.0399736353,2.73786064624332,0.167062771441739,16.3882151757438,2.32161735469609e-60,1.76277089145853e-58
"hsa-miR-184",218.553554230765,-0.607131495219474,0.20963359476197,-2.89615553226975,0.00377765121177009,0.0146556322558818
"hsa-miR-1843",603.327464458202,-0.645885482602178,0.177669638561439,-3.63531714158819,0.000277638870697167,0.00149812243426948
"hsa-miR-185-5p",1829.94902137949,0.516799774205704,0.108895962133835,4.74581209513121,2.07671434715136e-06,1.79475394392024e-05
"hsa-miR-187-3p",14.2183629404463,-1.51934626098904,0.500091931834491,-3.03813391952878,0.00238048139596649,0.00996240836185976
"hsa-miR-1908-5p",14.3073527119994,1.30682451077717,0.422469213515589,3.09330116602438,0.00197943146213535,0.00876723185104115
"hsa-miR-191-5p",14737.344852131,1.00352258774387,0.177234877661137,5.66210556853573,1.4952678254709e-08,1.60552494795511e-07
"hsa-miR-1911-5p",30.0758591872321,-2.05560921533228,0.313640153282873,-6.55403714676264,5.60020265533569e-11,7.1723077380986e-10
"hsa-miR-1912-5p",20.0742806313759,-1.53618666591951,0.374229945913385,-4.10492715159429,4.04442310280354e-05,0.00026870135989251
"hsa-miR-193a-5p",77.6814175834471,3.22765470015851,0.306993088087967,10.5137699361936,7.46485175942096e-26,2.08819405796434e-24
"hsa-miR-194-5p",727.161742714854,-0.450487014685233,0.100845797263131,-4.46708764183602,7.92916517064214e-06,6.15233764700189e-05
"hsa-miR-196b-5p",4.87007918030292,4.30606873012922,1.3067143639414,3.29534047298675,0.000983024990805593,0.00472830572500609
"hsa-miR-199a-3p",21926.3021478835,7.44676665728556,0.144326452263851,51.5966861270289,0,0
"hsa-miR-199a-5p",9223.40984952012,8.07889157050325,0.183336774138159,44.0658542645414,0,0
"hsa-miR-199b-5p",38027.487649446,6.22943228579659,0.174645970447564,35.6689150618962,1.19967371200246e-278,3.18813288964653e-276
"hsa-miR-19b-3p",2775.9065430715,-1.12900495394127,0.268614135344842,-4.20307349980622,2.6331504111309e-05,0.000180583154002074
"hsa-miR-200c-3p",221.499757262691,0.707601376269766,0.181515125006193,3.89830531337608,9.68682352330828e-05,0.000598668221237017
"hsa-miR-204-3p",21.3654596139067,-1.08931593288501,0.393390518525115,-2.76904470643837,0.00562209202052057,0.0208232885638096
"hsa-miR-204-5p",4143.9532381889,-1.33549062924595,0.112744132624368,-11.8453226625587,2.2754089590978e-32,7.558624136003e-31
"hsa-miR-206",31870.3392870073,7.1741804561288,0.174101047166803,41.206991990435,0,0
"hsa-miR-21-3p",188.794044680995,1.03125381393888,0.23584506448648,4.37259018408671,1.2278107147737e-05,9.25647368655635e-05
"hsa-miR-21-5p",256442.272138311,1.60237282185297,0.136563237662654,11.7335591135533,8.57746006287243e-32,2.68171766083335e-30
"hsa-miR-211-5p",6.37889480369132,2.76482466073181,0.869904707062606,3.17830750688515,0.00148137546630501,0.00678750914087166
"hsa-miR-212-3p",181.784049645099,-2.23093094112397,0.167570643947906,-13.3133757116641,1.93535794649979e-40,7.34744820403311e-39
"hsa-miR-212-5p",757.597653254428,-0.926629541896862,0.151823282108056,-6.10334284064127,1.03872701068417e-09,1.20018131777964e-08
"hsa-miR-214-3p",266.571512020438,9.05240665955684,0.733023512332398,12.3494083167307,4.90709927858208e-35,1.73874884437759e-33
"hsa-miR-214-5p",125.574239163975,6.09601469209325,0.583062620402437,10.4551629255288,1.38760085606776e-25,3.59760904878057e-24
"hsa-miR-216a-3p",335.573693324368,0.465793642244479,0.164182797806299,2.83704290868534,0.00455334922433285,0.0174736831244253
"hsa-miR-216a-5p",161.025168342121,0.828618812523051,0.294897806020437,2.80985071983081,0.00495644835167635,0.018683349637702
"hsa-miR-216b-3p",285.866130621793,0.625317589058149,0.199952051820869,3.127337696031,0.00176397185716243,0.00801325676993016
"hsa-miR-216b-5p",456.869850696834,0.546463252765846,0.142726289908569,3.82874979175816,0.000128795865370237,0.000760611138269789
"hsa-miR-217-5p",5042.87561043937,0.67727196699277,0.228193515058015,2.96797201629759,0.0029977162088638,0.0121162446008449
"hsa-miR-218-5p",11997.5964561253,-1.12946351756768,0.335784750628939,-3.36365339835161,0.00076918076717176,0.00380022427090479
"hsa-miR-219a-2-3p",8657.26391611802,-0.454585398978612,0.12226683104382,-3.71797809019594,0.000200823682585415,0.00114771814294783
"hsa-miR-219b-5p",8648.21695015823,-0.454008519337596,0.122438217175411,-3.70806215421416,0.000208851400196836,0.0011872141091403
"hsa-miR-221-3p",6040.79671908013,-0.335099074179788,0.0833334324205074,-4.02118410878422,5.79063234390653e-05,0.000368589352189978
"hsa-miR-224-5p",529.032328589039,2.80667145412424,0.135995310799049,20.6380016901574,1.25129897638751e-94,1.47792312433324e-92
"hsa-miR-2355-3p",69.807100280211,-0.715636123506648,0.205128797197594,-3.48871603248031,0.000485346453785637,0.00250448194356375
"hsa-miR-23b-3p",6603.36925755111,-0.81748291880585,0.162216336487291,-5.03946110797476,4.66844482216142e-07,4.43085432674785e-06
"hsa-miR-24-2-5p",87.4701347762124,1.87893933599449,0.257443236310369,7.29846067398437,2.91078554068189e-13,4.3579789151336e-12
"hsa-miR-25-3p",52551.2439467727,0.302919379376158,0.0613984405908786,4.93366568370403,8.07005242293743e-07,7.39522907377801e-06
"hsa-miR-26a-5p",143236.275111036,0.548613613120845,0.073971141776056,7.41658976661123,1.20174440967197e-13,1.8786092757078e-12
"hsa-miR-26b-3p",16.0177027002403,1.57657561210149,0.637809771324046,2.47185866850022,0.013441264329133,0.0460905289737691
"hsa-miR-27a-3p",1921.37980695145,1.24120880426355,0.238233150380981,5.21005914701045,1.88780439345036e-07,1.87545427125021e-06
"hsa-miR-27b-3p",150622.984592638,0.408870415923598,0.14059213721491,2.90820257820391,0.00363512774628837,0.0142063999790608
"hsa-miR-28-5p",247.829676339019,0.472116607972645,0.12076214462945,3.90947518712342,9.2496855351292e-05,0.000577027460910501
"hsa-miR-29c-3p",127.112435245351,-0.919565984176086,0.307527376991391,-2.99019226571763,0.00278801897824819,0.0113987083610686
"hsa-miR-29c-5p",286.323250669997,-0.949700674053417,0.24407763450036,-3.89097786856835,9.98410401473731e-05,0.000609948423429067
"hsa-miR-301a-3p",216.627688000375,-0.884823906837663,0.327915115019753,-2.6983321789981,0.00696878648072102,0.025282662215039
"hsa-miR-3059-5p",58.2606039876767,-1.31508325750405,0.229462019398208,-5.73115873796026,9.97468636436039e-09,1.08194812299134e-07
"hsa-miR-3065-5p",645.569771914617,-0.666439570561169,0.185040468082794,-3.60158822265288,0.000316279054114159,0.0016726598732505
"hsa-miR-3085-3p",8.44644286882776,-2.61264871470271,0.857660400381437,-3.04625083954063,0.00231714436764282,0.00983292726712204
"hsa-miR-30b-5p",6513.09161580373,-0.983655980771346,0.145872769171427,-6.74324609286996,1.54886534987209e-11,2.05805483364254e-10
"hsa-miR-30c-2-3p",1584.8230937217,0.43835489567163,0.130467719520134,3.35987244418709,0.000779784663325237,0.00381986680698031
"hsa-miR-30c-5p",17715.968739,0.859238986014252,0.190241154562063,4.51657785610179,6.28470168177995e-06,4.94862065757933e-05
"hsa-miR-30d-5p",127744.457879373,0.796871599769699,0.210954933155554,3.77744946681149,0.000158442639758566,0.000915350685126934
"hsa-miR-31-5p",9.34327342211424,1.9798916961418,0.615950962923563,3.2143657779905,0.0013073301932723,0.00601598266427901
"hsa-miR-3117-3p",507.950198430864,-1.32658508976564,0.21365015825912,-6.20914630054581,5.3273209653283e-10,6.50912894959079e-09
"hsa-miR-3120-3p",125.620556032595,6.099042475274,0.583245259572798,10.4570802336933,1.35981476634167e-25,3.59760904878057e-24
"hsa-miR-3120-5p",31.9144273949701,6.67196407097389,1.07934700094187,6.18148201194957,6.35025972097171e-10,7.5846360487561e-09
"hsa-miR-3200-3p",627.353133212321,-0.59751075085268,0.15522933954552,-3.84921273647154,0.000118498061073495,0.000707659769219805
"hsa-miR-320b",2432.19661347235,-1.03826575854762,0.19920749081351,-5.21198150886605,1.86834175872102e-07,1.87362951841551e-06
"hsa-miR-320c",1339.78330848111,-1.12290468889519,0.270464106441507,-4.1517697252668,3.29914133537783e-05,0.000221961217690293
"hsa-miR-320d",1030.66180635481,-1.13429950494677,0.290204399227385,-3.90862270856895,9.28237966281239e-05,0.000577027460910501
"hsa-miR-323a-3p",1235.41669782128,0.581131381384987,0.187042997084165,3.10694006428636,0.00189034720534369,0.00855080459268233
"hsa-miR-323b-3p",387.140223088232,0.925149598102469,0.229761322717549,4.02656803660456,5.65968682872817e-05,0.000362424524032412
"hsa-miR-324-3p",29.3094866490961,-1.05830683332959,0.356788394070632,-2.9662030798011,0.00301501331481486,0.0121399967941219
"hsa-miR-324-5p",288.643834796073,-0.810524288965029,0.271879454285962,-2.98118992144409,0.0028713066063574,0.0116942487454326
"hsa-miR-326",13.9820078494585,-1.57486765320498,0.410244526810714,-3.83885110045994,0.000123611361132756,0.000734071937900107
"hsa-miR-329-3p",164.914721432463,0.713472190665344,0.154068855944725,4.63086576641624,3.64139900035443e-06,3.04787963572973e-05
"hsa-miR-330-3p",302.878414515664,1.08464776068668,0.276505887186949,3.92269319008509,8.75646295873354e-05,0.000550776338765311
"hsa-miR-330-5p",224.648498054785,-0.599440305067377,0.205556638830281,-2.91618071047712,0.00354345198550266,0.0138992231018057
"hsa-miR-331-5p",565.719403949982,-0.831289638078948,0.182660975820446,-4.55099746590699,5.3392191241453e-06,4.36583840689727e-05
"hsa-miR-335-3p",6415.93679570804,2.74550836667767,0.284223803406226,9.65967077273139,4.47299127479369e-22,1.08063402843311e-20
"hsa-miR-335-5p",4803.42789247381,0.827958796837268,0.170554806463402,4.85450286629672,1.2068912444102e-06,1.0691044940067e-05
"hsa-miR-338-3p",645.595720970618,-0.668232186625717,0.185103623911407,-3.61004378253309,0.0003061453251997,0.0016271624034364
"hsa-miR-338-5p",302.273542372762,-0.485790057283827,0.179307639205911,-2.70925466106862,0.00674345577963069,0.0245489503210528
"hsa-miR-33a-3p",282.133113896107,-1.40793185053244,0.335241777433303,-4.19975058392759,2.67209161341588e-05,0.000182079063144941
"hsa-miR-340-5p",73415.4486198065,0.321915585411731,0.0994745367993592,3.23616068764448,0.001211491644753,0.00559919834074975
"hsa-miR-342-3p",18695.9170419327,-0.975088623338538,0.149980761913688,-6.50142465538138,7.95628833076956e-11,1.00684934471524e-09
"hsa-miR-34c-5p",2569.79845317839,-0.521629871144178,0.170332463663837,-3.06242192430006,0.00219553742464072,0.00944881085989104
"hsa-miR-3605-3p",123.062215587433,-0.519000393980509,0.20750950755803,-2.50109211904602,0.012381096896048,0.0427308636379837
"hsa-miR-361-3p",8710.65864397307,0.609135007293367,0.186816882035144,3.26059936691791,0.00111177004464987,0.00518338402395968
"hsa-miR-361-5p",6928.52475269907,-1.27851569948208,0.154266107778737,-8.28772902804969,1.15431184528373e-16,2.04505581922767e-15
"hsa-miR-3615",619.872080267378,-0.857041820756789,0.120166823340904,-7.13210016649458,9.8848893188542e-13,1.43940237615644e-11
"hsa-miR-362-3p",48.1694914880716,-1.15614447414968,0.313725985612156,-3.68520469190259,0.000228518908003648,0.0012852677206766
"hsa-miR-362-5p",684.511307171627,0.880784824104827,0.289283868401611,3.04470770863046,0.00232906542251887,0.00983292726712204
"hsa-miR-363-3p",15694.086733598,-0.234273985288374,0.0818943795506744,-2.86068453749516,0.00422727453204213,0.0163403375547665
"hsa-miR-363-5p",83.8062614762239,-1.50714641494698,0.37137327596462,-4.05830605617019,4.94299598680393e-05,0.000324345971232875
"hsa-miR-365a-3p",90.6580664469354,1.40002970735661,0.34555578352702,4.05153024228614,5.08837475698256e-05,0.000329813558943443
"hsa-miR-3660",9.48538574791961,2.03588214006471,0.665184361782474,3.06062838670654,0.00220873043127078,0.00946725987274532
"hsa-miR-3677-3p",2.83619842497306,-4.47247841171307,1.44519921047784,-3.09471412611296,0.00197002675954317,0.00876208554558323
"hsa-miR-369-3p",136.570714177059,0.682226527836966,0.224121699561155,3.04400033184118,0.00233454882930669,0.00983292726712204
"hsa-miR-370-3p",689.663760206175,0.615649682806974,0.184723790536729,3.33281209214122,0.000859729862566759,0.00417302668451354
"hsa-miR-374b-3p",1290.74491580666,0.473386890316062,0.178538091429399,2.65146158181744,0.00801442300862903,0.0286846183776857
"hsa-miR-375-3p",1172.44078585418,-0.932788927745082,0.196326023133143,-4.75122407543746,2.02188922232935e-06,1.76169528142303e-05
"hsa-miR-378a-3p",70676.3348865257,0.940213554890781,0.129628512281749,7.25313851359503,4.07223247953155e-13,6.01219878575283e-12
"hsa-miR-378a-5p",34.7193855990455,1.39575927000495,0.463385349830513,3.01209192417382,0.00259454016326546,0.0106899077269426
"hsa-miR-379-3p",44.1987715081398,1.30844084976341,0.304468157522562,4.29746368359211,1.72763554602753e-05,0.000125786067495018
"hsa-miR-379-5p",4256.20106906764,0.839867363267128,0.23734015747336,3.53866523140483,0.000402155508557081,0.00208532344193257
"hsa-miR-382-3p",882.171181841804,0.949638561333141,0.13393786892504,7.09014238433654,1.33974087769621e-12,1.8988594039881e-11
"hsa-miR-382-5p",271.327198871123,0.547603151672949,0.181131275543972,3.02323908462738,0.00250084578922032,0.0104250944076125
"hsa-miR-383-3p",12.0479437654009,-2.15839824461437,0.765356496129899,-2.82012141469828,0.00480054819799879,0.0182249383374025
"hsa-miR-383-5p",256.767005413619,-1.17043295366525,0.158461480406111,-7.3862300835864,1.51050321681295e-13,2.32705060793067e-12
"hsa-miR-3909",104.769895200628,1.05896962416127,0.322633159577585,3.28227149852715,0.00102974406098129,0.00488668721796031
"hsa-miR-3912-3p",32.501205849739,-0.976471395761669,0.267186991882329,-3.65463673542803,0.000257546375964257,0.00141119483324745
"hsa-miR-409-3p",775.874702202365,0.899757182256809,0.163352466418057,5.50807221945531,3.62784580452524e-08,3.78078440216699e-07
"hsa-miR-409-5p",379.953849008907,1.10337435630334,0.234826971328671,4.69866962070138,2.61861656838613e-06,2.22687152975557e-05
"hsa-miR-411-3p",34.1890359970552,1.37012857578895,0.321199987908515,4.26565575145411,1.99315908479354e-05,0.000143157304536185
"hsa-miR-411-5p",414.511155612142,0.580810560128736,0.115149650252046,5.04396286794988,4.55987826023549e-07,4.40650053693666e-06
"hsa-miR-424-3p",170.471857045094,5.11124211727553,0.36160992339441,14.1346843286175,2.32172746188117e-45,1.07304186607812e-43
"hsa-miR-424-5p",332.27526296864,3.8467248747303,0.231257450222274,16.6339500458602,3.95630089495083e-62,3.23503680871749e-60
"hsa-miR-4286",172.733623166861,-1.32787233984061,0.386626368452586,-3.43451054607376,0.000593624972659357,0.00299063197126491
"hsa-miR-432-5p",170.502195431333,0.689441841714492,0.222420345067076,3.09972471945665,0.00193700577751029,0.00868792042824234
"hsa-miR-448",396.194748798062,-1.11010918022529,0.118445259503517,-9.37233946616776,7.09423324654028e-21,1.57107707105673e-19
"hsa-miR-4482-3p",3.49325871856643,-2.83571799016564,0.924102880684737,-3.06861719559239,0.00215051959724459,0.00936886201586474
"hsa-miR-4485-3p",41.25135756265,-2.58463467988254,0.334631202941912,-7.72383046517992,1.12884961881278e-14,1.8461032996892e-13
"hsa-miR-4488",8.0384317070847,-2.10794398306199,0.642615523256651,-3.28025686709113,0.00103712613423492,0.00489984480307433
"hsa-miR-449a",63.8347488915906,-3.46836131054126,0.362707298960438,-9.56242490978812,1.15029341600277e-21,2.71724866935766e-20
"hsa-miR-449c-5p",111.420683085543,-3.88005625659012,0.328436022209151,-11.8137353828968,3.31499389072401e-32,1.06782985025443e-30
"hsa-miR-4501",3.65874266023135,-2.60363653784671,0.940949542410456,-2.76703098359228,0.00565693785027777,0.0208796004682127
"hsa-miR-450a-2-3p",17.2835090664848,3.1840978136036,0.751902064295363,4.2347241280519,2.28832453895781e-05,0.000158541042329128
"hsa-miR-450a-5p",398.485484275149,3.58304911764526,0.221038834412236,16.2100434847701,4.28265480179806e-59,2.84528878394458e-57
"hsa-miR-450b-5p",2639.68423045216,3.29456109685804,0.102405325077821,32.1717751919093,4.38159098464822e-227,9.31526243336212e-225
"hsa-miR-452-5p",566.934967392535,2.53236130122164,0.223214061939684,11.3449900029413,7.85352179846248e-30,2.31897046437934e-28
"hsa-miR-4521",394.555700992672,-3.16860886176636,0.349053329031914,-9.077721362963,1.1087156694787e-19,2.35712951331171e-18
"hsa-miR-4528",41.8828535363718,-1.02089563101427,0.285758928065424,-3.57257649979896,0.000353486172830705,0.00185101380157162
"hsa-miR-4536-5p",2.9067119824873,-2.9165636856001,1.03186960932376,-2.8264847217581,0.00470619890294935,0.0179307865012013
"hsa-miR-454-5p",113.315777675086,0.911252044063786,0.255325097054747,3.56898735993977,0.000358363712947128,0.00186735601403332
"hsa-miR-455-3p",773.187985955627,2.85491051632441,0.15171815420602,18.8171977919511,5.45967299831083e-79,5.80363239720441e-77
"hsa-miR-455-5p",2332.61052077985,2.79055043951956,0.107543915413953,25.9480085765737,1.91487673123329e-148,3.39252327550164e-146
"hsa-miR-4645-3p",21.7507993031407,-2.51924683232722,0.555715794539125,-4.53333674709844,5.80591424539718e-06,4.60573644989343e-05
"hsa-miR-4661-5p",3.57324667995604,3.81712030342505,1.45429215753495,2.62472728306199,0.00867183941040144,0.0309334405813984
"hsa-miR-4798-5p",130.153799989619,0.60422984014921,0.21706392494285,2.78364928814539,0.00537511198344063,0.0201899082628883
"hsa-miR-483-3p",85.9539912059898,6.84256103960657,0.870570423696247,7.85985929840643,3.84565187430707e-15,6.48877451172764e-14
"hsa-miR-483-5p",28.1513746265126,4.57017216784681,0.744938386808151,6.13496666137544,8.51770547432014e-10,1.00603565768915e-08
"hsa-miR-486-3p",1241.17503977196,-0.532108157733375,0.127066484765159,-4.18763577757584,2.81875391386141e-05,0.000190849389199661
"hsa-miR-486-5p",1236.28877122043,-0.538062749039091,0.12651926517282,-4.25281278945243,2.1110205114067e-05,0.000148610251895717
"hsa-miR-488-5p",720.256656451356,-0.492527745544648,0.135740309767893,-3.62845603039244,0.000285121297372442,0.00152303486988395
"hsa-miR-490-3p",580.453091094746,-1.3543182058471,0.308384590531843,-4.39165330379001,1.12491975432611e-05,8.54135499177608e-05
"hsa-miR-490-5p",148.955135398998,-1.65181913490382,0.176982630515144,-9.33322739127484,1.0269520212176e-20,2.22785713990675e-19
"hsa-miR-493-3p",62.1460484434972,1.86636030021944,0.438622729129802,4.25504693731255,2.09005166333305e-05,0.000148114994541536
"hsa-miR-493-5p",606.223959631972,0.873153179516108,0.17521760889962,4.98325017102776,6.252502656603e-07,5.7794872382339e-06
"hsa-miR-494-3p",146.669744636969,2.50854742706418,0.265563689589329,9.44612356811062,3.516115145944e-21,7.95240510667759e-20
"hsa-miR-495-3p",128.62965019792,0.945628008080377,0.25751543787554,3.67212162455833,0.000240545146625627,0.00133176818157834
"hsa-miR-499a-5p",371.560043325396,1.26188141783385,0.140579468606396,8.9762853021372,2.80062542213263e-19,5.72512466101344e-18
"hsa-miR-499b-3p",356.329369539586,1.26799572826947,0.151661185455156,8.36071355016806,6.23400439608588e-17,1.12317740221005e-15
"hsa-miR-5004-3p",1.90946629918805,-4.79707501275304,1.64203984719551,-2.92141206009472,0.00348448630259337,0.0138209288793162
"hsa-miR-500a-3p",4047.37086351062,1.12382825516121,0.168034317090709,6.688087734808,2.26105577535518e-11,2.93110035268605e-10
"hsa-miR-500a-5p",192.320288943563,0.74361077155887,0.246161311976562,3.02082713805844,0.00252085230403152,0.0104267159501382
"hsa-miR-500b-3p",20.836286527735,1.6796973772143,0.551939958420053,3.04326104966651,0.00234029219057561,0.00983292726712204
"hsa-miR-500b-5p",86.8359829539702,0.82278267310338,0.268407242248115,3.06542649971718,0.00217359794891603,0.00942620950053206
"hsa-miR-501-3p",2557.61638766664,1.05233915708748,0.177074769165615,5.94290853545177,2.80008689655525e-09,3.10051288649815e-08
"hsa-miR-501-5p",164.34487463051,0.995479458557566,0.212571205721474,4.68303999678073,2.82651333649912e-06,2.38459021960204e-05
"hsa-miR-5010-3p",81.3378587440991,-0.853262294621847,0.219597362405018,-3.88557624407218,0.000102087446130767,0.000616584972937532
"hsa-miR-502-3p",1086.40039641068,1.17163156737268,0.130853577355922,8.95376031016591,3.43574371223014e-19,6.89093503037855e-18
"hsa-miR-502-5p",17.806747341453,1.4181769849569,0.569369857468399,2.49078339212154,0.0127461800890377,0.0438485094972397
"hsa-miR-503-5p",224.26088118997,4.36803658018181,0.315281340270984,13.8544088160355,1.19637799595057e-43,4.89134542190559e-42
"hsa-miR-504-5p",5237.5854797128,0.70113250249385,0.0817137338695399,8.58035080875442,9.45842334462515e-18,1.7335006922994e-16
"hsa-miR-508-3p",255.01636921713,1.16759907414918,0.252940688888048,4.61609826114597,3.91021861097715e-06,3.24731436208493e-05
"hsa-miR-509-3-5p",90.7014096383979,1.78869515173154,0.422058763660579,4.23802395718057,2.25495711896462e-05,0.000157698645885486
"hsa-miR-509-3p",124.149414002858,1.17047956421869,0.358831601172741,3.26191885105242,0.0011066081691088,0.00518204618397647
"hsa-miR-509-5p",33.6323459897082,2.09490767679028,0.569578069106514,3.67799918995569,0.00023507070624347,0.00131515874072004
"hsa-miR-514a-3p",503.303302086785,0.862472178091204,0.263967393042627,3.26734362206595,0.00108561823694212,0.00510624861004191
"hsa-miR-532-3p",267.017687646437,0.999182186515843,0.247643527732893,4.03475994572956,5.46581493240311e-05,0.000352130986251182
"hsa-miR-532-5p",40903.0485443208,0.747669715509195,0.128875024479875,5.80150978458942,6.57204610097874e-09,7.20214949004165e-08
"hsa-miR-542-3p",11147.0324164693,3.12525030125155,0.215139972022829,14.526590627798,8.22115488839057e-48,4.59951981387325e-46
"hsa-miR-542-5p",9.71276441286641,4.96742957480693,1.35239322366666,3.67306600467803,0.000239657547255809,0.00133176818157834
"hsa-miR-543",64.7544682319459,0.639655042891309,0.238854202086543,2.67801461018277,0.00740599877897348,0.0266867006849112
"hsa-miR-548ab",40.4197023993075,-1.13995308959503,0.23170211751626,-4.91990794825186,8.6584923907254e-07,7.86340588477765e-06
"hsa-miR-548ah-5p",26.3439603139236,1.3544193544221,0.450618957143167,3.00568658497824,0.00264981967309865,0.0108755147200921
"hsa-miR-548az-5p",7.04948913508013,-1.72799734764152,0.55973280810354,-3.08718253178018,0.00202063478187733,0.0088746701150521
"hsa-miR-548d-5p",18.9154264420278,-1.1790109217343,0.403993554099713,-2.91839042917822,0.00351843504715702,0.0138522090930663
"hsa-miR-548h-5p",19.3887562656195,2.25407493884245,0.527238090521061,4.27525055447869,1.90922458224452e-05,0.000138061614348702
"hsa-miR-548k",60.0971426517497,0.682170992724685,0.245592649998314,2.77765231463306,0.00547531712515658,0.0204219722948822
"hsa-miR-548n",61.2821810608546,1.51309985150973,0.268793397695643,5.62922997544393,1.81015912845718e-08,1.92419915354998e-07
"hsa-miR-5680",9.25112956756894,-1.37462057280774,0.513192025009908,-2.67856963050273,0.00739373574816285,0.0266867006849112
"hsa-miR-5683",222.517923908239,-2.26169028326794,0.215274840807293,-10.5060594855696,8.10079874851633e-26,2.20798694094176e-24
"hsa-miR-570-3p",4.97746406673129,-2.09108977515826,0.803615940129601,-2.60210091753658,0.00926545828774153,0.0329404085614356
"hsa-miR-574-3p",320.222670590342,2.47887031998033,0.178662716384547,13.8745809430374,9.03194021064182e-44,3.8403809775649e-42
"hsa-miR-574-5p",545.07845022047,2.4400205236577,0.142885849488196,17.0767121614745,2.21239274295708e-65,2.13797589614852e-63
"hsa-miR-576-5p",77.0524888766759,0.821721453701565,0.244372894654391,3.36257200236426,0.000772199851848951,0.00380022427090479
"hsa-miR-597-3p",58.7010358226225,-1.01666637486258,0.223765867216042,-4.5434381369747,5.53440525285095e-06,4.49089525479432e-05
"hsa-miR-619-5p",185.825213485141,-1.08023020274502,0.208035196471636,-5.19253578753104,2.07448977702379e-07,2.04183577127434e-06
"hsa-miR-629-5p",6950.42505664929,-1.00813259679724,0.111694244424593,-9.02582404304503,1.78347968178481e-19,3.71733117987697e-18
"hsa-miR-651-5p",1852.78627738754,0.652713339545448,0.137587934620059,4.74397221927838,2.09567601663949e-06,1.79653516587724e-05
"hsa-miR-6511a-3p",31.9124669095347,-1.26447772308028,0.33445579515805,-3.7807020879478,0.000156386718414364,0.00090841028237415
"hsa-miR-6514-5p",51.1974379028388,-1.15264233806414,0.332173814444391,-3.46999759746898,0.000520463020315602,0.00267271589659655
"hsa-miR-652-3p",854.314509173616,-0.966714141507885,0.217981587495429,-4.43484311044462,9.21393648855452e-06,7.09740180241555e-05
"hsa-miR-652-5p",191.513903599895,0.765895424109016,0.262422553478555,2.91855792864086,0.00351654530001504,0.0138522090930663
"hsa-miR-653-5p",103.706513102527,1.48704898039793,0.247176308741649,6.01614688708781,1.78617507771113e-09,2.01989798681589e-08
"hsa-miR-654-5p",251.281999272937,0.974089437093716,0.157165142313222,6.1978720138363,5.72316480065428e-10,6.9133229353358e-09
"hsa-miR-660-5p",2772.64109736834,1.10917607568053,0.244293865593617,4.54033535793177,5.61648223726042e-06,4.52297016530896e-05
"hsa-miR-664a-3p",590.49449925314,-0.341549630359124,0.135324627901049,-2.52392809540086,0.0116051663293551,0.0403146791114527
"hsa-miR-670-3p",47.5145400412415,-0.923129747572951,0.337494594725491,-2.7352430587038,0.00623342295558565,0.0228487193165088
"hsa-miR-671-5p",151.233895135805,0.880352470141875,0.191681693976718,4.59278323285688,4.3737330514712e-06,3.60409165404177e-05
"hsa-miR-6720-3p",8.43242642326575,2.63137069750653,0.883019522677972,2.97996887942665,0.00288277669021103,0.0116961512278409
"hsa-miR-6721-5p",16.4575534661947,-1.21119690294184,0.47154620164311,-2.56856464694531,0.0102120662371059,0.0359451205630583
"hsa-miR-6739-3p",2.73175897555114,-3.75921795131798,1.48782043797597,-2.52666105086714,0.0115152577947679,0.0402415588206912
"hsa-miR-675-3p",17.677842480126,2.11994249984184,0.684553304714049,3.09682604005159,0.00195604625349496,0.00873645868682833
"hsa-miR-675-5p",11.5463299150135,3.777383654225,1.14947138130186,3.28619199718295,0.00101551765291136,0.00484078594190483
"hsa-miR-6770-3p",5.69418824761482,-2.43753206716743,0.824879944876772,-2.95501434154951,0.00312654516707649,0.012541575519254
"hsa-miR-6837-3p",19.9155602578701,-1.36415984110868,0.414611135457806,-3.29021515450229,0.00100110803112732,0.00479359386075828
"hsa-miR-6841-5p",11.5493949944717,-1.6502754997712,0.561316070132316,-2.94001114092848,0.00328200445787028,0.0130665570738431
"hsa-miR-6868-3p",7.69663212903066,-2.47510686720626,0.801292804696496,-3.088891916537,0.00200904514262461,0.00886147297348531
"hsa-miR-6874-3p",19.916965797717,-1.17701723098617,0.389574717495735,-3.02128751719894,0.00251702230174882,0.0104267159501382
"hsa-miR-7-1-3p",555.50880246093,-0.394856780321631,0.118455319661027,-3.33338157755647,0.000857971866254551,0.00417302668451354
"hsa-miR-708-3p",8619.30156498017,-0.892331896732085,0.182392270025612,-4.8923778217508,9.96249614377719e-07,8.89927176540769e-06
"hsa-miR-744-3p",65.3543949385963,-1.51455463685913,0.35772175985092,-4.23389015387356,2.29683165744927e-05,0.000158541042329128
"hsa-miR-760",140.412586967674,-1.19233650502012,0.313440097857454,-3.80403309331013,0.000142359149238272,0.000835935050860748
"hsa-miR-767-5p",539.707202618614,-0.623796360285804,0.112715732489969,-5.53424394719094,3.12573686190292e-08,3.28976067742852e-07
"hsa-miR-769-5p",37356.6448992396,-1.28207932340229,0.211541230079277,-6.0606592999474,1.35564712518003e-09,1.54951924093158e-08
"hsa-miR-7704",62.2009055575668,-1.86813666643778,0.491264908992838,-3.80270732193701,0.000143123404756967,0.000835935050860748
"hsa-miR-7706",599.687115653204,1.2671655527624,0.290243231676214,4.36587459919139,1.26615107713067e-05,9.47829996471761e-05
"hsa-miR-7854-3p",6.49895189345158,-2.95663631117892,0.713907130027633,-4.14148589756272,3.4506309246799e-05,0.000230693124083945
"hsa-miR-873-3p",203.325627329397,-1.33437929774821,0.175983993838714,-7.58239012902016,3.39246344433972e-14,5.38237110646735e-13
"hsa-miR-873-5p",1043.02577966096,-2.35819769097883,0.249387475549632,-9.455958787752,3.20074984111362e-21,7.39651539370386e-20
"hsa-miR-876-3p",46.4672153297931,-2.2389747949038,0.259176236030467,-8.63881206547272,5.68005220723385e-18,1.07819562433743e-16
"hsa-miR-876-5p",3.74667245987234,-4.29378664193108,1.38325952859035,-3.10410776371573,0.00190853801912441,0.00859650811156461
"hsa-miR-888-5p",2.06061225775837,4.09073160136821,1.41189642565077,2.89733122561219,0.00376352176133378,0.0146542990194059
"hsa-miR-889-3p",711.823258900442,0.419214522286767,0.147980504156926,2.83290373063069,0.00461272755278195,0.0176378754985871
"hsa-miR-891a-5p",37.1911057516835,1.02951069133519,0.325890892751048,3.15906554689041,0.00158275888444494,0.00722091285049343
"hsa-miR-92b-3p",26898.5174375242,0.571207374002231,0.134184517623104,4.25687988540253,2.07299655313295e-05,0.00014789230442821
"hsa-miR-92b-5p",405.45016180419,0.889500172461161,0.16955147498538,5.24619542553589,1.55272200964955e-07,1.58706105409372e-06
"hsa-miR-935",206.56919748535,-0.493083907658845,0.175023178364559,-2.81724919102882,0.00484369289110187,0.0183232937481896
"hsa-miR-95-3p",12670.7184744454,-0.901501349412961,0.0535383501461934,-16.838422307585,1.27593203803292e-63,1.1302631303575e-61
"hsa-miR-96-5p",388.893548660137,2.39939277210683,0.272807491209315,8.79518653051158,1.42810540422982e-18,2.76013826308418e-17
"hsa-miR-9983-3p",73.7061822686718,-1.10303978060953,0.249588576944212,-4.41943214755411,9.89605853237246e-06,7.56799296396542e-05
"hsa-miR-99b-3p",5072.1858353405,-0.672104186775547,0.169224696075103,-3.97166727058124,7.13713597680462e-05,0.000451593782341864
"novel_259",9.76775758140142,-2.4991918982801,0.647031239708465,-3.86255213798668,0.000112208607264374,0.00067388559051994
"novel_718",7.21881364364221,-2.17216292944366,0.70387806545258,-3.08599320827961,0.0020287345606375,0.0088746701150521
"novel_814",2.39425606808636,4.00683178808393,1.59122067312685,2.51808680954996,0.0117994235586475,0.0408559845043724
